Platform,Dataset,Processed.Sample.number,Processed.GEO.Female,Processed.GEO.Male,Genetic.Female,Genetic.Male,Processed.Disagreed.Sample,Paperlink,GEMMA.GEO,Cancer,RAW.SP.NO,female,male,unknown,Paper.gender.rario,information source,Paper.GEO,Notes,
GPL570,GSE10327,56,15,41,16,40,1,http://www.ncbi.nlm.nih.gov/pmc/articles/PMC2518524/,,T,62,21,41,NA,21F/41M,Detailed samples,agree,"could support us: 10/17  F lost X, 9 decectable XIST gene lose,  Loss of the Y chromosome occurred in 5 out of 34",
GPL570,GSE11882,171,82,89,83,88,7,http://www.ncbi.nlm.nih.gov/pmc/articles/PMC2563070/,"172 in gemma(one by one, same),173 in geo now(gsm350078)",F,172,82,90,NA, 82 F/94M,Detailed samples,agree- : one gender number agree,"173 in GEO, 174 more in paper , 82 F/94M,the concrete data has 176 samples, while result 1+ supplement second paragraph say run 174 sp on the array(without mention which 2 excluded), but still 1 more sp than GEO",
GPL570,GSE14333,290,126,164,125,165,9,http://www.ncbi.nlm.nih.gov/pmc/articles/PMC2920750/,,T,290,126,164,NA,290 samples,Summarized table,agree-: total sample number confirmed,"total number is same , but no gender (3 more in paper, one missing info , 290 retrieved)",
GPL570,GSE15434,251,134,117,135,116,3,http://www.ncbi.nlm.nih.gov/pmc/articles/PMC2803858/,,T,251,134,117,NA,251 samples,Summarized description,agree-: total sample number confirmed,"only total number is confirmed ,in another poster’s name mentioned 252sp ",
GPL570,GSE16447,9,5,4,5,4,2,http://www.ncbi.nlm.nih.gov/pmc/articles/PMC2706965/,,F,9,5,4,NA,no related description in the paper,no related description in the paper,no related description in the paper,no related description in the paper,
GPL570,GSE17913,78,39,39,40,38,5,http://www.ncbi.nlm.nih.gov/pmc/articles/PMC2833216/,,T,79,39,40,NA,39F/40M,Summarized table,agree,sum table downloaded,
GPL570,GSE19475,72,39,33,40,32,3,http://www.bloodjournal.org/content/115/14/2835.long?sso-checked=true,,T,73,39,33,1,39F/32M / 1 unknown,Detailed samples,agree- : one gender number agree,confirmed in abstraction : supply 1 39F/32M / 1 unknown,
GPL570,GSE20146,19,7,12,7,12,2,http://www.ncbi.nlm.nih.gov/pmc/articles/PMC3129986/,,F,20,8,12,NA,8F/12M,Summarized description,agree,"99 pd case 86 control, Underexpression of these subsets of ETC and PGC-1α–responsive ETC genes was independently confirmed by qPCR in substantia nigra samples of a new population of 13 patients with PD and 17 age-, sex-, and PMI-matched controls without neurodegenerative disease,///33 for stage 2 ",
GPL570,GSE23376,19,6,13,5,14,3,no access to paper,,T,22,8,13,1,no access to paper,no access to paper,no access to paper,no access to paper,
GPL570,GSE25941,36,19,17,20,16,1,http://www.ncbi.nlm.nih.gov/pmc/articles/PMC3365403/,,F,36,19,17,NA,19F/17M,Summarized description,agree,"36 subjects : 16 young (8 men, 8 women) and 12 old (6 men, 6 women) study B",
GPL570,GSE26051,46,16,30,15,31,1,http://www.ncbi.nlm.nih.gov/pmc/articles/PMC3095578/,,F,46,16,30,NA,16F/30M,Summarized table,agree,23 patient:15m 8f in table 1 ,
GPL570,GSE27657,17,13,4,14,3,1,http://www.spandidos-publications.com/ijmm/27/2/227,,F,18,14,4,NA,14F/4M,Detailed samples,agree,"9 pair sub from 24 patients:(the same research with GSE27961)1, 2, 4, 9, 15, 16, 18, 23 and 24 were analyzed by microarray (Table I). 
",
GPL570,GSE27916,374,261,113,262,112,1,http://www.ncbi.nlm.nih.gov/pmc/articles/PMC3633773/,,F,375,262,113,NA,262F/113M,Summarized description,agree,Microarray expression analysis in subcutaneous adipose tissue was performed in 375 subjects (262 women and 113 men) of the SOS Sib-Pair offspring cohort.,
GPL570,GSE31983,127,65,62,66,61,7,no access to paper,,F,127,65,62,NA,no access to paper,no access to paper,no access to paper,no access to paper,
GPL570,GSE5086,81,37,44,38,43,3,http://www.ncbi.nlm.nih.gov/pmc/articles/PMC1513263/,,F,81,37,44,NA,37F/44M,Detailed samples,agree,table s1 downloaded,
GPL570,GSE55609,22,15,7,14,8,1,no access to paper,,T,24,16,8,NA,no access to paper,no access to paper,no access to paper,no access to paper,
GPL570,GSE8586,54,23,31,22,32,3,http://www.ncbi.nlm.nih.gov/pmc/articles/PMC2246284/,,F,54,23,31,NA,23F/31M,Summarized table,agree,"table 1 mentioned 54 samples, table 3: BDP+ noBDP(19+12=31Male)",
GPL570,GSE9692,45,21,24,21,24,4,http://physiolgenomics.physiology.org/content/34/1/127.figures-only#fig-data-additional-files,,F,45,21,24,NA,20F/24M,Summarized table,agree- : one gender number agree,"45 in GEO(with one more control ) , paper: table 1 :control : 8M/6F, septic shock: 16M/14F.  so 24M/ 20F. 24m/20f, why one more in GEO 24/21? ",
GPL96,stanley_altarA,97,31,66,32,65,1,no access to paper,,no access to paper,98,32,66,NA,no access to paper,no access to paper,"no access to paper,stanly","no access to paper,stanly,no access to paper",
GPL96,stanley_altarC,43,15,28,14,29,1,no access to paper,,no access to paper,44,16,28,NA,no access to paper,no access to paper,"no access to paper,stanly","no access to paper,stanly",
GPL96,GSE10172,34,11,23,10,24,1,http://www.bloodjournal.org/content/112/4/1374.long?sso-checked=true,,T,36,13,23,NA,36samples,Summarized description,agree-: total sample number confirmed,"GEO and paper 36sp, tables2 has character for new 36, while no gender , table S3 has gender ration but for larger data group",
GPL96,GSE10867,20,10,10,11,9,1,http://link.springer.com/article/10.1007/s00335-009-9212-7/fulltext.html,,F,20,10,10,NA,10F/10M,Summarized description,agree,"Sum info from material—sample :antrum, duodenum, jejunum, ileum, and transverse colon (hereafter colon) of two male and two female healthy human subjects ",
GPL96,GSE14795,26,9,17,10,16,1,http://www.ncbi.nlm.nih.gov/pubmed/20485333,,F,26,9,17,NA,random select,Summarized description,no idea,"paper :For microarray analysis and RT-PCR validation, we randomly selected 12 IgAN patients' and 8 HS samples,  table 2: IGAN:28M/10
F HS:24M/10F",
GPL96,GSE20168,33,11,22,12,21,1,http://onlinelibrary.wiley.com/doi/10.1002/ajmg.b.30195/full,"GEO 29 sample , gemma 33 (should be BA9: 11/22 , agree with paper B)15 control, 14 disease (6F/8M)—1 male less",F,33,11,22,NA,"11F/19M,30 samples",Summarized table,"agree with paperB , while agree- : one gender number agree with paper 1,","paper 1: area 9 (BA9 )for this , so (10M+9M/ 5F+6F = 11F/19M ), part of GSE20295, goe",
GPL96,GSE20295,64,21,43,23,41,2,http://onlinelibrary.wiley.com/doi/10.1002/ajmg.b.30195/full   + http://stm.sciencemag.org/content/2/52/52ra73.figures-only,"GEO 93 samples , gemma 64 (shold beSN+PU, disagree with paper B)",F,64,21,43,NA,22F/ 42M ,Summarized table,disagree,"GEO: 93sp, paperA: 3region (PT and BA9 , SN)from 15 control (10m,5f) *3, for desiease , 9m6f *2, but 11 sp from a region with uncertain ration , so in total, 48m,27f, 11 uncertain,          paperB 97 sp , stage 1—SN: 29(10F/19M) sp: 11control(55%M), 18 (72% M); BA9(33samples:11F/22M): 14 control(57%M),19 disease (74%M) conflict with paper one, PU(35samples: 12F/23M): 15(60%M),20 diseas(75% M)",
GPL96,GSE22688,38,18,20,19,19,1,http://www.biomedcentral.com/1741-7015/9/2,,F,38,18,20,NA,18F/20M,Summarized description,agree,"endothelial cell ?IMPACT TOMOR???SUM 20M,18F",
GPL96,GSE5389,21,9,12,6,15,3,http://www.nature.com/mp/journal/v11/n10/full/4001875a.html,,F,21,9,12,NA,9F/12M,Summarized table,agree,table1: 10 bipolar and 11 control subjects for the orbitofrontal cortex,
GPL96,GSE5390,15,5,10,6,9,1,no access to paper,,F,15,5,10,NA,no access to paper,no access to paper,no access to paper,no access to paper,
GPL96,GSE7638,158,41,117,46,112,5,http://heart.bmj.com/content/95/11/900.long,,F,160,42,118,NA,160 samples,Summarized description,agree-: total sample number confirmed,geo and paper 160 sp,
GPL96,GSE8970,33,10,23,11,22,3,http://www.bloodjournal.org/content/111/5/2589.long,"gemma 34 samples, but both geo, paper 38 samples",T,34,11,23,NA,18F/20M,Summarized description,agree,"38subjects: 12 AA males, 9 AA females, 8 CA males, and 9 CA females),  AA (n = 21) and CA (n = 17),",
GPL96,McLean_PFC,65,21,44,20,45,1,no access to paper,,F,66,21,44,1,no access to paper,no access to paper,no access to paper,no access to paper,